{
    "OLS_with_intercept": {
        "train": [
            57367514.002585195,
            0.9961727590804061,
            0.9923601659338689,
            0.992360165933868
        ],
        "test": [
            21069732.4375872,
            0.9990057005396306,
            0.998012389710678,
            0.9977144697016854
        ]
    },
    "OLS_no_intercept": {
        "train": [
            59260506.563237116,
            0.9960586837729998,
            0.9921329015196008,
            0.9921080694415718
        ],
        "test": [
            26233131.64558553,
            0.998644235360343,
            0.997290308818444,
            0.9971543721604789
        ]
    }
}